Date,Plate,Plate ID,Primer,Sample,Line,Tissue,Male/Female,Cq,Cas9 Ct,RPE Ct,RPL19 Ct,Cas9 Standardised,RPE Standardised,RPL19 Standardised,DELTA STANDARDISED
08.06.23,1,1,Cas9,1,004.2A,Soma M,Male,,NA,,,,,,
08.06.23,1,1,Cas9,1,004.2A,Soma M,Male,38.50,,,,,,,
08.06.23,1,1,Cas9,1,004.2A,Soma M,Male,36.52,,,,,,,
08.06.23,1,1,RPE,1,004.2A,Soma M,Male,,NA,,,,,,
08.06.23,1,1,RPE,1,004.2A,Soma M,Male,,,,,,,,
08.06.23,1,1,RPE,1,004.2A,Soma M,Male,,,,,,,,
08.06.23,1,1,RPL19,1,004.2A,Soma M,Male,24.40,,,24.18012998,,,23.19012991,
08.06.23,1,1,RPL19,1,004.2A,Soma M,Male,23.96,,,,,,,
08.06.23,1,1,RPL19,1,004.2A,Soma M,Male,29.10,,,,,,,
08.06.23,1,1,Cas9,2,004.2C,Soma M,Male,26.50,26.59633499,,,25.50740894,,,0.013321568
08.06.23,1,1,Cas9,2,004.2C,Soma M,Male,26.69,,,,,,,
08.06.23,1,1,Cas9,2,004.2C,Soma M,Male,27.04,,,,,,,
08.06.23,1,1,RPE,2,004.2C,Soma M,Male,25.28,,26.09572441,,,25.02729471,,
08.06.23,1,1,RPE,2,004.2C,Soma M,Male,26.21,,,,,,,
08.06.23,1,1,RPE,2,004.2C,Soma M,Male,25.98,,,,,,,
08.06.23,1,1,RPL19,2,004.2C,Soma M,Male,19.90,,,20.10027642,,,19.27731662,
08.06.23,1,1,RPL19,2,004.2C,Soma M,Male,20.30,,,,,,,
08.06.23,1,1,RPL19,2,004.2C,Soma M,Male,20.80,,,,,,,
08.06.23,1,1,Cas9,11,Ben,Testes,Male,,NA,,,,,,
08.06.23,1,1,Cas9,11,Ben,Testes,Male,,,,,,,,
08.06.23,1,1,Cas9,11,Ben,Testes,Male,,,,,,,,
08.06.23,1,1,RPE,11,Ben,Testes,Male,,,NA,,,,,
08.06.23,1,1,RPE,11,Ben,Testes,Male,37.68,,,,,,,
08.06.23,1,1,RPE,11,Ben,Testes,Male,39.46,,,,,,,
08.06.23,1,1,RPL19,11,Ben,Testes,Male,29.37,,,NA,,,,
08.06.23,1,1,RPL19,11,Ben,Testes,Male,27.46,,,,,,,
08.06.23,1,1,RPL19,11,Ben,Testes,Male,30.25,,,,,,,
08.06.23,1,1,Cas9,12,3.3,Ovaries,Female,24.95,NA,,,,,,
08.06.23,1,1,Cas9,12,3.3,Ovaries,Female,25.52,,,,,,,
08.06.23,1,1,Cas9,12,3.3,Ovaries,Female,38.54,,,,,,,
08.06.23,1,1,RPE,12,3.3,Ovaries,Female,28.26,,NA,,,,,
08.06.23,1,1,RPE,12,3.3,Ovaries,Female,22.45,,,,,,,
08.06.23,1,1,RPE,12,3.3,Ovaries,Female,24.78,,,,,,,
08.06.23,1,1,RPL19,12,3.3,Ovaries,Female,17.43,,,NA,,,,
08.06.23,1,1,RPL19,12,3.3,Ovaries,Female,29.58,,,,,,,
08.06.23,1,1,RPL19,12,3.3,Ovaries,Female,22.98,,,,,,,
08.06.23,1,1,Cas9,21,3.3,Testes,Male,36.89,NA,,,,,,
08.06.23,1,1,Cas9,21,3.3,Testes,Male,32.62,,,,,,,
08.06.23,1,1,Cas9,21,3.3,Testes,Male,27.33,,,,,,,
08.06.23,1,1,RPE,21,3.3,Testes,Male,32.23,,NA,,,,,
08.06.23,1,1,RPE,21,3.3,Testes,Male,,,,,,,,
08.06.23,1,1,RPE,21,3.3,Testes,Male,30.07,,,,,,,
08.06.23,1,1,RPL19,21,3.3,Testes,Male,23.72,,,23.53825604,,,22.57453603,
08.06.23,1,1,RPL19,21,3.3,Testes,Male,21.04,,,,,,,
08.06.23,1,1,RPL19,21,3.3,Testes,Male,23.36,,,,,,,
08.06.23,1,1,Cas9,22,3.4,Testes,Male,25.51,23.5992509,,,22.6330336,,,0.288170103
08.06.23,1,1,Cas9,22,3.4,Testes,Male,23.85,,,,,,,
08.06.23,1,1,Cas9,22,3.4,Testes,Male,23.35,,,,,,,
08.06.23,1,1,RPE,22,3.4,Testes,Male,,,NA,,,,,
08.06.23,1,1,RPE,22,3.4,Testes,Male,35.33,,,,,,,
08.06.23,1,1,RPE,22,3.4,Testes,Male,28.86,,,,,,,
08.06.23,1,1,RPL19,22,3.4,Testes,Male,21.88,,,21.72761357,,,20.83802617,
08.06.23,1,1,RPL19,22,3.4,Testes,Male,21.23,,,,,,,
08.06.23,1,1,RPL19,22,3.4,Testes,Male,21.58,,,,,,,
08.06.23,1,1,RPE,29,004.2C,Ovaries,Female,25.82,,,,,,,
08.06.23,1,1,RPE,29,004.2C,Ovaries,Female,26.04,,,,,,,
08.06.23,1,1,RPE,29,004.2C,Ovaries,Female,22.49,,25.92928665,,,24.86767136,,
08.06.23,1,1,Cas9,31,004.2C,Ovaries,Female,29.67,29.49659638,,,28.28892577,,,0.001175084
08.06.23,1,1,Cas9,31,004.2C,Ovaries,Female,29.32,,,,,,,
08.06.23,1,1,Cas9,31,004.2C,Ovaries,Female,28.68,,,,,,,
08.06.23,1,1,RPE,31,004.2C,Ovaries,Female,31.06,,31.30906133,,,30.02718348,,
08.06.23,1,1,RPE,31,004.2C,Ovaries,Female,27.96,,,,,,,
08.06.23,1,1,RPE,31,004.2C,Ovaries,Female,31.56,,,,,,,
08.06.23,1,1,RPL19,31,004.2C,Ovaries,Female,20.91,,,19.34806787,,,18.55590552,
08.06.23,1,1,RPL19,31,004.2C,Ovaries,Female,19.13,,,,,,,
08.06.23,1,1,RPL19,31,004.2C,Ovaries,Female,19.57,,,,,,,
08.06.23,1,1,Cas9,41,004.2C,Soma M,Male,26.62,26.39305924,,,25.31245585,,,0.050600715
08.06.23,1,1,Cas9,41,004.2C,Soma M,Male,26.27,,,,,,,
08.06.23,1,1,Cas9,41,004.2C,Soma M,Male,26.29,,,,,,,
08.06.23,1,1,RPE,41,004.2C,Soma M,Male,27.40,,NA,,,,,
08.06.23,1,1,RPE,41,004.2C,Soma M,Male,28.44,,,,,,,
08.06.23,1,1,RPE,41,004.2C,Soma M,Male,31.16,,,,,,,
08.06.23,1,1,RPL19,41,004.2C,Soma M,Male,20.52,,,21.90459075,,,21.00775743,
08.06.23,1,1,RPL19,41,004.2C,Soma M,Male,21.95,,,,,,,
08.06.23,1,1,RPL19,41,004.2C,Soma M,Male,21.86,,,,,,,
08.06.23,1,1,Cas9,51,3.3,Soma M,Male,29.22,29.24153338,,,28.04430574,,,0.020225185
08.06.23,1,1,Cas9,51,3.3,Soma M,Male,29.26,,,,,,,
08.06.23,1,1,Cas9,51,3.3,Soma M,Male,30.54,,,,,,,
08.06.23,1,1,RPE,51,3.3,Soma M,Male,34.79,,NA,,,,,
08.06.23,1,1,RPE,51,3.3,Soma M,Male,33.77,,,,,,,
08.06.23,1,1,RPE,51,3.3,Soma M,Male,36.40,,,,,,,
08.06.23,1,1,RPL19,51,3.3,Soma M,Male,23.55,,,23.37358021,,,22.41660248,
08.06.23,1,1,RPL19,51,3.3,Soma M,Male,23.34,,,,,,,
08.06.23,1,1,RPL19,51,3.3,Soma M,Male,23.23,,,,,,,
08.06.23,2,2,Cas9,3,3.3,Soma M,Male,23.08,23.23030295,,,24.47118878,,,0.315804668
08.06.23,2,2,Cas9,3,3.3,Soma M,Male,23.11,,,,,,,
08.06.23,2,2,Cas9,3,3.3,Soma M,Male,23.50,,,,,,,
08.06.23,2,2,RPE,3,3.3,Soma M,Male,26.68,,NA,,,,,
08.06.23,2,2,RPE,3,3.3,Soma M,Male,27.50,,,,,,,
08.06.23,2,2,RPE,3,3.3,Soma M,Male,28.27,,,,,,,
08.06.23,2,2,RPL19,3,3.3,Soma M,Male,21.81,,,21.65172951,,,22.80829318,
08.06.23,2,2,RPL19,3,3.3,Soma M,Male,21.48,,,,,,,
08.06.23,2,2,RPL19,3,3.3,Soma M,Male,21.66,,,,,,,
08.06.23,2,2,Cas9,13,3.4,Ovaries,Female,22.32,22.12003922,,,23.30161844,,,0.086359048
08.06.23,2,2,Cas9,13,3.4,Ovaries,Female,21.87,,,,,,,
08.06.23,2,2,Cas9,13,3.4,Ovaries,Female,22.18,,,,,,,
08.06.23,2,2,RPE,13,3.4,Ovaries,Female,23.88,,24.52088776,,,25.83071236,,
08.06.23,2,2,RPE,13,3.4,Ovaries,Female,24.48,,,,,,,
08.06.23,2,2,RPE,13,3.4,Ovaries,Female,24.56,,,,,,,
08.06.23,2,2,RPL19,13,3.4,Ovaries,Female,18.68,,,18.76570766,,,19.7681096,
08.06.23,2,2,RPL19,13,3.4,Ovaries,Female,18.87,,,,,,,
08.06.23,2,2,RPL19,13,3.4,Ovaries,Female,18.75,,,,,,,
08.06.23,2,2,Cas9,23,004.2A,Testes,Male,29.17,29.01969248,,,30.56982832,,,0.007103761
08.06.23,2,2,Cas9,23,004.2A,Testes,Male,28.85,,,,,,,
08.06.23,2,2,Cas9,23,004.2A,Testes,Male,29.04,,,,,,,
08.06.23,2,2,RPE,23,004.2A,Testes,Male,26.04,,NA,,,,,
08.06.23,2,2,RPE,23,004.2A,Testes,Male,26.93,,,,,,,
08.06.23,2,2,RPE,23,004.2A,Testes,Male,27.48,,,,,,,
08.06.23,2,2,RPL19,23,004.2A,Testes,Male,22.12,,,22.2444047,,,23.43262712,
08.06.23,2,2,RPL19,23,004.2A,Testes,Male,22.55,,,,,,,
08.06.23,2,2,RPL19,23,004.2A,Testes,Male,22.06,,,,,,,
08.06.23,2,2,RPE,29,004.2C,Ovaries,Female,24.24,,,,,,,
08.06.23,2,2,RPE,29,004.2C,Ovaries,Female,23.65,,,,,,,
08.06.23,2,2,RPE,29,004.2C,Ovaries,Female,23.56,,23.60668057,,,24.86767125,,
08.06.23,2,2,Cas9,32,004.2C,Soma F,Female,30.73,30.49283279,,,32.12165891,,,0.002370802
08.06.23,2,2,Cas9,32,004.2C,Soma F,Female,30.47,,,,,,,
08.06.23,2,2,Cas9,32,004.2C,Soma F,Female,30.28,,,,,,,
08.06.23,2,2,RPE,32,004.2C,Soma F,Female,30.65,,30.82701328,,,32.47369021,,
08.06.23,2,2,RPE,32,004.2C,Soma F,Female,31.00,,,,,,,
08.06.23,2,2,RPE,32,004.2C,Soma F,Female,32.07,,,,,,,
08.06.23,2,2,RPL19,32,004.2C,Soma F,Female,22.04,,,22.21461852,,,23.40124986,
08.06.23,2,2,RPL19,32,004.2C,Soma F,Female,22.81,,,,,,,
08.06.23,2,2,RPL19,32,004.2C,Soma F,Female,22.39,,,,,,,
08.06.23,2,2,Cas9,33,Ben,Soma M,Male,,NA,,,,,,
08.06.23,2,2,Cas9,33,Ben,Soma M,Male,,,,,,,,
08.06.23,2,2,Cas9,33,Ben,Soma M,Male,,,,,,,,
08.06.23,2,2,RPE,33,Ben,Soma M,Male,27.06,,27.69246986,,,29.17170987,,
08.06.23,2,2,RPE,33,Ben,Soma M,Male,27.51,,,,,,,
08.06.23,2,2,RPE,33,Ben,Soma M,Male,27.87,,,,,,,
08.06.23,2,2,RPL19,33,Ben,Soma M,Male,21.27,,,21.34495278,,,22.48512945,
08.06.23,2,2,RPL19,33,Ben,Soma M,Male,21.42,,,,,,,
08.06.23,2,2,RPL19,33,Ben,Soma M,Male,21.35,,,,,,,
08.06.23,2,2,Cas9,42,3.4,Soma M,Male,23.41,23.50476338,,,24.76030998,,,0.129095573
08.06.23,2,2,Cas9,42,3.4,Soma M,Male,23.40,,,,,,,
08.06.23,2,2,Cas9,42,3.4,Soma M,Male,23.71,,,,,,,
08.06.23,2,2,RPE,42,3.4,Soma M,Male,26.71,,27.30925236,,,28.76802216,,
08.06.23,2,2,RPE,42,3.4,Soma M,Male,27.15,,,,,,,
08.06.23,2,2,RPE,42,3.4,Soma M,Male,27.47,,,,,,,
08.06.23,2,2,RPL19,42,3.4,Soma M,Male,20.81,,,20.70104041,,,21.80682142,
08.06.23,2,2,RPL19,42,3.4,Soma M,Male,20.89,,,,,,,
08.06.23,2,2,RPL19,42,3.4,Soma M,Male,20.40,,,,,,,
08.06.23,2,2,Cas9,43,004.2A,Ovaries,Female,29.04,29.12835051,,,30.6842905,,,0.00073269
08.06.23,2,2,Cas9,43,004.2A,Ovaries,Female,29.85,,,,,,,
08.06.23,2,2,Cas9,43,004.2A,Ovaries,Female,29.22,,,,,,,
08.06.23,2,2,RPE,43,004.2A,Ovaries,Female,25.04,,25.18001969,,,26.52505293,,
08.06.23,2,2,RPE,43,004.2A,Ovaries,Female,25.32,,,,,,,
08.06.23,2,2,RPE,43,004.2A,Ovaries,Female,26.14,,,,,,,
08.06.23,2,2,RPL19,43,004.2A,Ovaries,Female,19.06,,,19.24194032,,,20.26978103,
08.06.23,2,2,RPL19,43,004.2A,Ovaries,Female,19.15,,,,,,,
08.06.23,2,2,RPL19,43,004.2A,Ovaries,Female,19.52,,,,,,,
08.06.23,2,2,Cas9,52,Ben,Soma F,Female,37.13,NA,,,,,,
08.06.23,2,2,Cas9,52,Ben,Soma F,Female,38.41,,,,,,,
08.06.23,2,2,Cas9,52,Ben,Soma F,Female,37.26,,,,,,,
08.06.23,2,2,RPE,52,Ben,Soma F,Female,27.40,,27.31977553,,,28.77910744,,
08.06.23,2,2,RPE,52,Ben,Soma F,Female,27.38,,,,,,,
08.06.23,2,2,RPE,52,Ben,Soma F,Female,27.18,,,,,,,
08.06.23,2,2,RPL19,52,Ben,Soma F,Female,20.05,,,20.02227159,,,21.09179501,
08.06.23,2,2,RPL19,52,Ben,Soma F,Female,20.00,,,,,,,
08.06.23,2,2,RPL19,52,Ben,Soma F,Female,19.48,,,,,,,
08.06.23,2,2,Cas9,53,004.2A,Soma F,Female,27.40,27.63877186,,,29.11514349,,,0.018176339
08.06.23,2,2,Cas9,53,004.2A,Soma F,Female,27.74,,,,,,,
08.06.23,2,2,Cas9,53,004.2A,Soma F,Female,27.78,,,,,,,
08.06.23,2,2,RPE,53,004.2A,Soma F,Female,28.69,,NA,,,,,
08.06.23,2,2,RPE,53,004.2A,Soma F,Female,29.60,,,,,,,
08.06.23,2,2,RPE,53,004.2A,Soma F,Female,30.25,,,,,,,
08.06.23,2,2,RPL19,53,004.2A,Soma F,Female,22.06,,,22.15016077,,,23.33334898,
08.06.23,2,2,RPL19,53,004.2A,Soma F,Female,22.12,,,,,,,
08.06.23,2,2,RPL19,53,004.2A,Soma F,Female,22.27,,,,,,,
09.06.23,1,3,Cas9,4,3.4,Soma M,Male,23.66,23.61644258,,,24.70763199,,,0.225290299
09.06.23,1,3,Cas9,4,3.4,Soma M,Male,23.57,,,,,,,
09.06.23,1,3,Cas9,4,3.4,Soma M,Male,24.09,,,,,,,
09.06.23,1,3,RPE,4,3.4,Soma M,Male,27.10,,28.06694217,,,29.36376535,,
09.06.23,1,3,RPE,4,3.4,Soma M,Male,27.90,,,,,,,
09.06.23,1,3,RPE,4,3.4,Soma M,Male,28.24,,,,,,,
09.06.23,1,3,RPL19,4,3.4,Soma M,Male,21.48,,,21.56125872,,,22.55748909,
09.06.23,1,3,RPL19,4,3.4,Soma M,Male,21.68,,,,,,,
09.06.23,1,3,RPL19,4,3.4,Soma M,Male,21.53,,,,,,,
09.06.23,1,3,Cas9,5,Ben,Soma M,Male,34.30,NA,,,,,,
09.06.23,1,3,Cas9,5,Ben,Soma M,Male,34.03,,,,,,,
09.06.23,1,3,Cas9,5,Ben,Soma M,Male,34.16,,,,,,,
09.06.23,1,3,RPE,5,Ben,Soma M,Male,29.53,,NA,,,,,
09.06.23,1,3,RPE,5,Ben,Soma M,Male,30.42,,,,,,,
09.06.23,1,3,RPE,5,Ben,Soma M,Male,31.34,,,,,,,
09.06.23,1,3,RPL19,5,Ben,Soma M,Male,25.44,,,25.91206554,,,27.1093234,
09.06.23,1,3,RPL19,5,Ben,Soma M,Male,26.07,,,,,,,
09.06.23,1,3,RPL19,5,Ben,Soma M,Male,25.75,,,,,,,
09.06.23,1,3,Cas9,14,004.2A,Ovaries,Female,26.67,26.80216243,,,28.04054691,,,0.004193694
09.06.23,1,3,Cas9,14,004.2A,Ovaries,Female,26.94,,,,,,,
09.06.23,1,3,Cas9,14,004.2A,Ovaries,Female,26.80,,,,,,,
09.06.23,1,3,RPE,14,004.2A,Ovaries,Female,23.79,,24.0060058,,,25.11519484,,
09.06.23,1,3,RPE,14,004.2A,Ovaries,Female,23.95,,,,,,,
09.06.23,1,3,RPE,14,004.2A,Ovaries,Female,24.28,,,,,,,
09.06.23,1,3,RPL19,14,004.2A,Ovaries,Female,19.26,,,19.25338828,,,20.1429843,
09.06.23,1,3,RPL19,14,004.2A,Ovaries,Female,19.35,,,,,,,
09.06.23,1,3,RPL19,14,004.2A,Ovaries,Female,19.15,,,,,,,
09.06.23,1,3,Cas9,15,004.2C,Ovaries,Female,35.40,NA,,,,,,
09.06.23,1,3,Cas9,15,004.2C,Ovaries,Female,35.40,,,,,,,
09.06.23,1,3,Cas9,15,004.2C,Ovaries,Female,35.80,,,,,,,
09.06.23,1,3,RPE,15,004.2C,Ovaries,Female,32.49,,33.10802247,,,34.63776699,,
09.06.23,1,3,RPE,15,004.2C,Ovaries,Female,32.99,,,,,,,
09.06.23,1,3,RPE,15,004.2C,Ovaries,Female,33.23,,,,,,,
09.06.23,1,3,RPL19,15,004.2C,Ovaries,Female,24.96,,,25.04410333,,,26.2012573,
09.06.23,1,3,RPL19,15,004.2C,Ovaries,Female,25.13,,,,,,,
09.06.23,1,3,RPL19,15,004.2C,Ovaries,Female,25.52,,,,,,,
09.06.23,1,3,Cas9,24,004.2C,Testes,Male,31.17,30.96274614,,,32.39336892,,,0.00304362
09.06.23,1,3,Cas9,24,004.2C,Testes,Male,30.15,,,,,,,
09.06.23,1,3,Cas9,24,004.2C,Testes,Male,30.76,,,,,,,
09.06.23,1,3,RPE,24,004.2C,Testes,Male,28.06,,28.27075327,,,29.57699347,,
09.06.23,1,3,RPE,24,004.2C,Testes,Male,28.48,,,,,,,
09.06.23,1,3,RPE,24,004.2C,Testes,Male,29.00,,,,,,,
09.06.23,1,3,RPL19,24,004.2C,Testes,Male,22.90,,,22.97196144,,,24.03337283,
09.06.23,1,3,RPL19,24,004.2C,Testes,Male,23.08,,,,,,,
09.06.23,1,3,RPL19,24,004.2C,Testes,Male,22.93,,,,,,,
09.06.23,1,3,Cas9,25,Ben,Testes,Male,,NA,,,,,,
09.06.23,1,3,Cas9,25,Ben,Testes,Male,,,,,,,,
09.06.23,1,3,Cas9,25,Ben,Testes,Male,,,,,,,,
09.06.23,1,3,RPE,25,Ben,Testes,Male,27.02,,NA,,,,,
09.06.23,1,3,RPE,25,Ben,Testes,Male,28.20,,,,,,,
09.06.23,1,3,RPE,25,Ben,Testes,Male,29.40,,,,,,,
09.06.23,1,3,RPL19,25,Ben,Testes,Male,19.96,,,20.97196503,,,21.94096729,
09.06.23,1,3,RPL19,25,Ben,Testes,Male,20.70,,,,,,,
09.06.23,1,3,RPL19,25,Ben,Testes,Male,21.24,,,,,,,
09.06.23,1,3,RPE,29,004.2C,Ovaries,Female,23.67,,,,,,,
09.06.23,1,3,RPE,29,004.2C,Ovaries,Female,22.34,,,,,,,
09.06.23,1,3,RPE,29,004.2C,Ovaries,Female,24.06,,23.86767036,,,24.97046766,,
09.06.23,1,3,Cas9,34,3.4,Ovaries,Female,22.08,22.07993889,,,23.10013469,,,0.066150536
09.06.23,1,3,Cas9,34,3.4,Ovaries,Female,22.04,,,,,,,
09.06.23,1,3,Cas9,34,3.4,Ovaries,Female,22.11,,,,,,,
09.06.23,1,3,RPE,34,3.4,Ovaries,Female,23.90,,24.61099611,,,25.74813852,,
09.06.23,1,3,RPE,34,3.4,Ovaries,Female,24.40,,,,,,,
09.06.23,1,3,RPE,34,3.4,Ovaries,Female,24.82,,,,,,,
09.06.23,1,3,RPL19,34,3.4,Ovaries,Female,18.27,,,18.3348749,,,19.18203134,
09.06.23,1,3,RPL19,34,3.4,Ovaries,Female,18.36,,,,,,,
09.06.23,1,3,RPL19,34,3.4,Ovaries,Female,18.38,,,,,,,
09.06.23,1,3,Cas9,44,004.2A,Testes,Male,29.34,29.38798706,,,30.74584865,,,0.001993469
09.06.23,1,3,Cas9,44,004.2A,Testes,Male,29.34,,,,,,,
09.06.23,1,3,Cas9,44,004.2A,Testes,Male,29.49,,,,,,,
09.06.23,1,3,RPE,44,004.2A,Testes,Male,27.12,,27.8524774,,,29.13939131,,
09.06.23,1,3,RPE,44,004.2A,Testes,Male,27.63,,,,,,,
09.06.23,1,3,RPE,44,004.2A,Testes,Male,28.07,,,,,,,
09.06.23,1,3,RPL19,44,004.2A,Testes,Male,20.66,,,20.81365752,,,21.77534523,
09.06.23,1,3,RPL19,44,004.2A,Testes,Male,20.90,,,,,,,
09.06.23,1,3,RPL19,44,004.2A,Testes,Male,20.88,,,,,,,
09.06.23,1,3,Cas9,54,3.3,Soma F,Female,37.04,NA,,,,,,
09.06.23,1,3,Cas9,54,3.3,Soma F,Female,,,,,,,,
09.06.23,1,3,Cas9,54,3.3,Soma F,Female,,,,,,,,
09.06.23,1,3,RPE,54,3.3,Soma F,Female,,,NA,,,,,
09.06.23,1,3,RPE,54,3.3,Soma F,Female,,,,,,,,
09.06.23,1,3,RPE,54,3.3,Soma F,Female,,,,,,,,
09.06.23,1,3,RPL19,54,3.3,Soma F,Female,27.74,,,27.64946177,,,28.92699541,
09.06.23,1,3,RPL19,54,3.3,Soma F,Female,27.00,,,,,,,
09.06.23,1,3,RPL19,54,3.3,Soma F,Female,27.55,,,,,,,
09.06.23,2,4,Cas9,6,3.3,Soma M,Male,24.64,24.66974327,,,25.70335003,,,0.060926611
09.06.23,2,4,Cas9,6,3.3,Soma M,Male,24.63,,,,,,,
09.06.23,2,4,Cas9,6,3.3,Soma M,Male,24.73,,,,,,,
09.06.23,2,4,RPE,6,3.3,Soma M,Male,27.84,,27.19708789,,,28.33658471,,
09.06.23,2,4,RPE,6,3.3,Soma M,Male,26.99,,,,,,,
09.06.23,2,4,RPE,6,3.3,Soma M,Male,27.40,,,,,,,
09.06.23,2,4,RPL19,6,3.3,Soma M,Male,20.80,,,20.79529043,,,21.66656634,
09.06.23,2,4,RPL19,6,3.3,Soma M,Male,20.95,,,,,,,
09.06.23,2,4,RPL19,6,3.3,Soma M,Male,20.64,,,,,,,
09.06.23,2,4,Cas9,16,Ben,Ovaries,Female,,NA,,,,,,
09.06.23,2,4,Cas9,16,Ben,Ovaries,Female,,,,,,,,
09.06.23,2,4,Cas9,16,Ben,Ovaries,Female,,,,,,,,
09.06.23,2,4,RPE,16,Ben,Ovaries,Female,23.38,,23.63604102,,,24.62633799,,
09.06.23,2,4,RPE,16,Ben,Ovaries,Female,23.69,,,,,,,
09.06.23,2,4,RPE,16,Ben,Ovaries,Female,23.84,,,,,,,
09.06.23,2,4,RPL19,16,Ben,Ovaries,Female,19.03,,,18.90681569,,,19.69896875,
09.06.23,2,4,RPL19,16,Ben,Ovaries,Female,18.91,,,,,,,
09.06.23,2,4,RPL19,16,Ben,Ovaries,Female,18.77,,,,,,,
09.06.23,2,4,Cas9,26,3.3,Ovaries,Female,22.63,22.56970582,,,23.51532574,,,0.039783179
09.06.23,2,4,Cas9,26,3.3,Ovaries,Female,22.57,,,,,,,
09.06.23,2,4,Cas9,26,3.3,Ovaries,Female,22.50,,,,,,,
09.06.23,2,4,RPE,26,3.3,Ovaries,Female,24.29,,24.31398881,,,25.33269027,,
09.06.23,2,4,RPE,26,3.3,Ovaries,Female,24.23,,,,,,,
09.06.23,2,4,RPE,26,3.3,Ovaries,Female,24.43,,,,,,,
09.06.23,2,4,RPL19,26,3.3,Ovaries,Female,18.01,,,18.10506653,,,18.8636281,
09.06.23,2,4,RPL19,26,3.3,Ovaries,Female,18.09,,,,,,,
09.06.23,2,4,RPL19,26,3.3,Ovaries,Female,18.21,,,,,,,
09.06.23,2,4,RPE,29,004.2C,Ovaries,Female,23.76,,,,,,,
09.06.23,2,4,RPE,29,004.2C,Ovaries,Female,23.78,,,,,,,
09.06.23,2,4,RPE,29,004.2C,Ovaries,Female,24.99,,23.76936212,,,24.76524494,,
09.06.23,2,4,Cas9,35,Ben,Soma F,Female,36.59,NA,,,,,,
09.06.23,2,4,Cas9,35,Ben,Soma F,Female,36.42,,,,,,,
09.06.23,2,4,Cas9,35,Ben,Soma F,Female,35.78,,,,,,,
09.06.23,2,4,RPE,35,Ben,Soma F,Female,27.42,,28.09565859,,,29.2728035,,
09.06.23,2,4,RPE,35,Ben,Soma F,Female,28.06,,,,,,,
09.06.23,2,4,RPE,35,Ben,Soma F,Female,28.13,,,,,,,
09.06.23,2,4,RPL19,35,Ben,Soma F,Female,20.95,,,20.98822736,,,21.86758689,
09.06.23,2,4,RPL19,35,Ben,Soma F,Female,21.02,,,,,,,
09.06.23,2,4,RPL19,35,Ben,Soma F,Female,20.71,,,,,,,
09.06.23,2,4,Cas9,36,004.2A,Soma M,Male,28.35,28.40839664,,,29.59864457,,,0.007869612
09.06.23,2,4,Cas9,36,004.2A,Soma M,Male,28.47,,,,,,,
09.06.23,2,4,Cas9,36,004.2A,Soma M,Male,28.87,,,,,,,
09.06.23,2,4,RPE,36,004.2A,Soma M,Male,27.53,,27.77669642,,,28.94047754,,
09.06.23,2,4,RPE,36,004.2A,Soma M,Male,28.63,,,,,,,
09.06.23,2,4,RPE,36,004.2A,Soma M,Male,28.02,,,,,,,
09.06.23,2,4,RPL19,36,004.2A,Soma M,Male,21.50,,,21.69997266,,,22.60915271,
09.06.23,2,4,RPL19,36,004.2A,Soma M,Male,21.74,,,,,,,
09.06.23,2,4,RPL19,36,004.2A,Soma M,Male,21.87,,,,,,,
09.06.23,2,4,Cas9,45,Ben,Testes,Male,,NA,,,,,,
09.06.23,2,4,Cas9,45,Ben,Testes,Male,,,,,,,,
09.06.23,2,4,Cas9,45,Ben,Testes,Male,,,,,,,,
09.06.23,2,4,RPE,45,Ben,Testes,Male,27.62,,27.47086946,,,28.62183711,,
09.06.23,2,4,RPE,45,Ben,Testes,Male,28.02,,,,,,,
09.06.23,2,4,RPE,45,Ben,Testes,Male,27.32,,,,,,,
09.06.23,2,4,RPL19,45,Ben,Testes,Male,21.16,,,21.15018999,,,22.03633539,
09.06.23,2,4,RPL19,45,Ben,Testes,Male,21.06,,,,,,,
09.06.23,2,4,RPL19,45,Ben,Testes,Male,21.23,,,,,,,
09.06.23,2,4,Cas9,46,004.2C,Testes,Male,28.53,28.64652423,,,29.84674918,,,0.00346818
09.06.23,2,4,Cas9,46,004.2C,Testes,Male,28.72,,,,,,,
09.06.23,2,4,Cas9,46,004.2C,Testes,Male,28.69,,,,,,,
09.06.23,2,4,RPE,46,004.2C,Testes,Male,25.40,,26.50703221,,,27.61761726,,
09.06.23,2,4,RPE,46,004.2C,Testes,Male,26.39,,,,,,,
09.06.23,2,4,RPE,46,004.2C,Testes,Male,26.62,,,,,,,
09.06.23,2,4,RPL19,46,004.2C,Testes,Male,20.78,,,20.80352278,,,21.6751436,
09.06.23,2,4,RPL19,46,004.2C,Testes,Male,20.57,,,,,,,
09.06.23,2,4,RPL19,46,004.2C,Testes,Male,21.06,,,,,,,
09.06.23,2,4,Cas9,55,3.3,Soma F,Female,30.52,29.4771474,,,30.71217358,,,0.010156504
09.06.23,2,4,Cas9,55,3.3,Soma F,Female,29.27,,,,,,,
09.06.23,2,4,Cas9,55,3.3,Soma F,Female,29.69,,,,,,,
09.06.23,2,4,RPE,55,3.3,Soma F,Female,35.86,,NA,,,,,
09.06.23,2,4,RPE,55,3.3,Soma F,Female,35.05,,,,,,,
09.06.23,2,4,RPE,55,3.3,Soma F,Female,35.40,,,,,,,
09.06.23,2,4,RPL19,55,3.3,Soma F,Female,23.16,,,23.12196297,,,24.09072122,
09.06.23,2,4,RPL19,55,3.3,Soma F,Female,23.14,,,,,,,
09.06.23,2,4,RPL19,55,3.3,Soma F,Female,23.07,,,,,,,
09.06.23,2,4,Cas9,56,004.2A,Soma F,Female,27.28,27.33334095,,,28.47854647,,,0.006270809
09.06.23,2,4,Cas9,56,004.2A,Soma F,Female,27.39,,,,,,,
09.06.23,2,4,Cas9,56,004.2A,Soma F,Female,27.88,,,,,,,
09.06.23,2,4,RPE,56,004.2A,Soma F,Female,26.67,,NA,,,,,
09.06.23,2,4,RPE,56,004.2A,Soma F,Female,27.11,,,,,,,
09.06.23,2,4,RPE,56,004.2A,Soma F,Female,27.81,,,,,,,
09.06.23,2,4,RPL19,56,004.2A,Soma F,Female,19.75,,,20.31045149,,,21.16141374,
09.06.23,2,4,RPL19,56,004.2A,Soma F,Female,20.18,,,,,,,
09.06.23,2,4,RPL19,56,004.2A,Soma F,Female,20.44,,,,,,,
11.06.23,1,5,Cas9,7,3.3,Testes,Male,26.38,26.36771644,,,25.72325061,,,0.208357371
11.06.23,1,5,Cas9,7,3.3,Testes,Male,26.15,,,,,,,
11.06.23,1,5,Cas9,7,3.3,Testes,Male,26.57,,,,,,,
11.06.23,1,5,RPE,7,3.3,Testes,Male,28.96,,28.98320847,,,28.27481616,,
11.06.23,1,5,RPE,7,3.3,Testes,Male,28.92,,,,,,,
11.06.23,1,5,RPE,7,3.3,Testes,Male,29.07,,,,,,,
11.06.23,1,5,RPL19,7,3.3,Testes,Male,23.97,,,24.04815499,,,23.46038266,
11.06.23,1,5,RPL19,7,3.3,Testes,Male,24.01,,,,,,,
11.06.23,1,5,RPL19,7,3.3,Testes,Male,24.16,,,,,,,
11.06.23,1,5,Cas9,8,3.4,Soma M,Male,29.03,NA,,,,,,
11.06.23,1,5,Cas9,8,3.4,Soma M,Male,27.73,,,,,,,
11.06.23,1,5,Cas9,8,3.4,Soma M,Male,28.37,,,,,,,
11.06.23,1,5,RPE,8,3.4,Soma M,Male,31.14,,31.33592345,,,30.57002733,,
11.06.23,1,5,RPE,8,3.4,Soma M,Male,31.18,,,,,,,
11.06.23,1,5,RPE,8,3.4,Soma M,Male,31.69,,,,,,,
11.06.23,1,5,RPL19,8,3.4,Soma M,Male,23.98,,,23.85526083,,,23.27220312,
11.06.23,1,5,RPL19,8,3.4,Soma M,Male,23.97,,,,,,,
11.06.23,1,5,RPL19,8,3.4,Soma M,Male,23.61,,,,,,,
11.06.23,1,5,Cas9,17,3.4,Soma F,Female,26.30,26.22079304,,,25.57991824,,,0.030179667
11.06.23,1,5,Cas9,17,3.4,Soma F,Female,26.10,,,,,,,
11.06.23,1,5,Cas9,17,3.4,Soma F,Female,26.26,,,,,,,
11.06.23,1,5,RPE,17,3.4,Soma F,Female,29.12,,29.15059534,,,28.43811185,,
11.06.23,1,5,RPE,17,3.4,Soma F,Female,29.18,,,,,,,
11.06.23,1,5,RPE,17,3.4,Soma F,Female,30.02,,,,,,,
11.06.23,1,5,RPL19,17,3.4,Soma F,Female,20.92,,,21.04398493,,,20.52963895,
11.06.23,1,5,RPL19,17,3.4,Soma F,Female,21.13,,,,,,,
11.06.23,1,5,RPL19,17,3.4,Soma F,Female,21.08,,,,,,,
11.06.23,1,5,Cas9,18,004.2A,Soma F,Female,27.02,27.02690846,,,26.36633101,,,0.005798552
11.06.23,1,5,Cas9,18,004.2A,Soma F,Female,27.02,,,,,,,
11.06.23,1,5,Cas9,18,004.2A,Soma F,Female,27.04,,,,,,,
11.06.23,1,5,RPE,18,004.2A,Soma F,Female,26.34,,26.50397295,,,25.85617682,,
11.06.23,1,5,RPE,18,004.2A,Soma F,Female,26.47,,,,,,,
11.06.23,1,5,RPE,18,004.2A,Soma F,Female,26.70,,,,,,,
11.06.23,1,5,RPL19,18,004.2A,Soma F,Female,19.24,,,19.41066457,,,18.93623934,
11.06.23,1,5,RPL19,18,004.2A,Soma F,Female,19.38,,,,,,,
11.06.23,1,5,RPL19,18,004.2A,Soma F,Female,19.61,,,,,,,
11.06.23,1,5,Cas9,27,3.4,Ovaries,Female,23.75,23.64242913,,,23.06457334,,,0.098651212
11.06.23,1,5,Cas9,27,3.4,Ovaries,Female,23.42,,,,,,,
11.06.23,1,5,Cas9,27,3.4,Ovaries,Female,23.76,,,,,,,
11.06.23,1,5,RPE,27,3.4,Ovaries,Female,26.42,,26.34957788,,,25.70555538,,
11.06.23,1,5,RPE,27,3.4,Ovaries,Female,26.99,,,,,,,
11.06.23,1,5,RPE,27,3.4,Ovaries,Female,26.28,,,,,,,
11.06.23,1,5,RPL19,27,3.4,Ovaries,Female,20.31,,,20.21719188,,,19.72305393,
11.06.23,1,5,RPL19,27,3.4,Ovaries,Female,20.89,,,,,,,
11.06.23,1,5,RPL19,27,3.4,Ovaries,Female,20.12,,,,,,,
11.06.23,1,5,Cas9,28,004.2A,Ovaries,Female,27.64,27.61765871,,,26.94264246,,,0.000909257
11.06.23,1,5,Cas9,28,004.2A,Ovaries,Female,27.48,,,,,,,
11.06.23,1,5,Cas9,28,004.2A,Ovaries,Female,27.73,,,,,,,
11.06.23,1,5,RPE,28,004.2A,Ovaries,Female,22.82,,22.86980189,,,22.31083025,,
11.06.23,1,5,RPE,28,004.2A,Ovaries,Female,22.84,,,,,,,
11.06.23,1,5,RPE,28,004.2A,Ovaries,Female,22.95,,,,,,,
11.06.23,1,5,RPL19,28,004.2A,Ovaries,Female,17.13,,,17.26151451,,,16.83961767,
11.06.23,1,5,RPL19,28,004.2A,Ovaries,Female,17.17,,,,,,,
11.06.23,1,5,RPL19,28,004.2A,Ovaries,Female,17.48,,,,,,,
11.06.23,1,5,RPE,29,004.2C,Ovaries,Female,25.43,,,,,,,
11.06.23,1,5,RPE,29,004.2C,Ovaries,Female,25.55,,,,,,,
11.06.23,1,5,RPE,29,004.2C,Ovaries,Female,26.37,,25.49070243,,,24.86767212,,
11.06.23,1,5,Cas9,37,004.2C,Soma M,Male,28.98,28.90400448,,,28.19754804,,,0.00559191
11.06.23,1,5,Cas9,37,004.2C,Soma M,Male,28.87,,,,,,,
11.06.23,1,5,Cas9,37,004.2C,Soma M,Male,28.86,,,,,,,
11.06.23,1,5,RPE,37,004.2C,Soma M,Male,29.02,,29.27062117,,,28.55520408,,
11.06.23,1,5,RPE,37,004.2C,Soma M,Male,29.52,,,,,,,
11.06.23,1,5,RPE,37,004.2C,Soma M,Male,30.34,,,,,,,
11.06.23,1,5,RPL19,37,004.2C,Soma M,Male,21.06,,,21.23409748,,,20.71510487,
11.06.23,1,5,RPL19,37,004.2C,Soma M,Male,21.18,,,,,,,
11.06.23,1,5,RPL19,37,004.2C,Soma M,Male,21.46,,,,,,,
11.06.23,1,5,Cas9,47,3.4,Testes,Male,25.07,24.86715535,,,24.25936545,,,0.055936035
11.06.23,1,5,Cas9,47,3.4,Testes,Male,24.61,,,,,,,
11.06.23,1,5,Cas9,47,3.4,Testes,Male,24.92,,,,,,,
11.06.23,1,5,RPE,47,3.4,Testes,Male,26.82,,26.93992512,,,26.28147367,,
11.06.23,1,5,RPE,47,3.4,Testes,Male,27.22,,,,,,,
11.06.23,1,5,RPE,47,3.4,Testes,Male,26.78,,,,,,,
11.06.23,1,5,RPL19,47,3.4,Testes,Male,21.08,,,20.60285128,,,20.09928725,
11.06.23,1,5,RPL19,47,3.4,Testes,Male,20.64,,,,,,,
11.06.23,1,5,RPL19,47,3.4,Testes,Male,20.56,,,,,,,
11.06.23,1,5,Cas9,57,3.4,Soma F,Female,34.42,NA,,,,,,
11.06.23,1,5,Cas9,57,3.4,Soma F,Female,33.58,,,,,,,
11.06.23,1,5,Cas9,57,3.4,Soma F,Female,35.03,,,,,,,
11.06.23,1,5,RPE,57,3.4,Soma F,Female,,,NA,,,,,
11.06.23,1,5,RPE,57,3.4,Soma F,Female,39.04,,,,,,,
11.06.23,1,5,RPE,57,3.4,Soma F,Female,,,,,,,,
11.06.23,1,5,RPL19,57,3.4,Soma F,Female,26.39,,,26.12253233,,,25.48405917,
11.06.23,1,5,RPL19,57,3.4,Soma F,Female,26.07,,,,,,,
11.06.23,1,5,RPL19,57,3.4,Soma F,Female,25.91,,,,,,,
12.06.23,1,6,Cas9,9,004.2A,Testes,Male,30.05,30.04333333,,,26.91310339,,,0.011274985
12.06.23,1,6,Cas9,9,004.2A,Testes,Male,29.99,,,,,,,
12.06.23,1,6,Cas9,9,004.2A,Testes,Male,30.09,,,,,,,
12.06.23,1,6,RPE,9,004.2A,Testes,Male,27.86,,28.04,,,25.11849836,,
12.06.23,1,6,RPE,9,004.2A,Testes,Male,28.09,,,,,,,
12.06.23,1,6,RPE,9,004.2A,Testes,Male,28.17,,,,,,,
12.06.23,1,6,RPL19,9,004.2A,Testes,Male,22.90,,,22.82,,,20.44237277,
12.06.23,1,6,RPL19,9,004.2A,Testes,Male,22.78,,,,,,,
12.06.23,1,6,RPL19,9,004.2A,Testes,Male,22.78,,,,,,,
12.06.23,1,6,Cas9,19,004.2C,Soma F,Female,26.76,26.95666667,,,24.14803807,,,0.014940474
12.06.23,1,6,Cas9,19,004.2C,Soma F,Female,26.96,,,,,,,
12.06.23,1,6,Cas9,19,004.2C,Soma F,Female,27.15,,,,,,,
12.06.23,1,6,RPE,19,004.2C,Soma F,Female,27.09,,27.735,,,24.84527646,,
12.06.23,1,6,RPE,19,004.2C,Soma F,Female,27.53,,,,,,,
12.06.23,1,6,RPE,19,004.2C,Soma F,Female,27.94,,,,,,,
12.06.23,1,6,RPL19,19,004.2C,Soma F,Female,20.09,,,20.18666667,,,18.08340776,
12.06.23,1,6,RPL19,19,004.2C,Soma F,Female,20.31,,,,,,,
12.06.23,1,6,RPL19,19,004.2C,Soma F,Female,20.16,,,,,,,
12.06.23,1,6,Cas9,29,004.2C,Ovaries,Female,30.78,NA,,,,,,
12.06.23,1,6,Cas9,29,004.2C,Ovaries,Female,31.42,,,,,,,
12.06.23,1,6,Cas9,29,004.2C,Ovaries,Female,32.31,,,,,,,
12.06.23,1,6,RPE,29,004.2C,Ovaries,Female,28.45,,,,,,,
12.06.23,1,6,RPE,29,004.2C,Ovaries,Female,27.58,,,,,,,
12.06.23,1,6,RPE,29,004.2C,Ovaries,Female,27.94,,27.76,,,24.8676717,,
12.06.23,1,6,RPL19,29,004.2C,Ovaries,Female,18.43,,,18.33,,,16.42018812,
12.06.23,1,6,RPL19,29,004.2C,Ovaries,Female,18.11,,,,,,,
12.06.23,1,6,RPL19,29,004.2C,Ovaries,Female,18.45,,,,,,,
12.06.23,1,6,Cas9,38,004.2C,Soma F,Female,30.16,30.18,,,27.03553069,,,0.007391685
12.06.23,1,6,Cas9,38,004.2C,Soma F,Female,30.12,,,,,,,
12.06.23,1,6,Cas9,38,004.2C,Soma F,Female,30.26,,,,,,,
12.06.23,1,6,RPE,38,004.2C,Soma F,Female,31.18,,31.11333333,,,27.87161955,,
12.06.23,1,6,RPE,38,004.2C,Soma F,Female,31.09,,,,,,,
12.06.23,1,6,RPE,38,004.2C,Soma F,Female,31.07,,,,,,,
12.06.23,1,6,RPL19,38,004.2C,Soma F,Female,22.23,,,22.27666667,,,19.95564961,
12.06.23,1,6,RPL19,38,004.2C,Soma F,Female,22.54,,,,,,,
12.06.23,1,6,RPL19,38,004.2C,Soma F,Female,22.06,,,,,,,
12.06.23,1,6,RPL19,39,Ben,Soma M,Male,20.75,NA,,,,,,
12.06.23,1,6,RPL19,39,Ben,Soma M,Male,21.15,,,,,,,
12.06.23,1,6,Cas9,39,Ben,Soma M,Male,,,,,,,,
12.06.23,1,6,Cas9,39,Ben,Soma M,Male,,,28.38,,,25.42307359,,
12.06.23,1,6,Cas9,39,Ben,Soma M,Male,,,,,,,,
12.06.23,1,6,RPE,39,Ben,Soma M,Male,27.70,,,,,,,
12.06.23,1,6,RPE,39,Ben,Soma M,Male,28.29,,,20.675,,,18.5208614,
12.06.23,1,6,RPE,39,Ben,Soma M,Male,28.47,,,,,,,
12.06.23,1,6,RPL19,39,Ben,Soma M,Male,20.60,,,,,,,
12.06.23,1,6,Cas9,48,3.4,Testes,Male,26.20,26.115,,,23.39406507,,,0.105308264
12.06.23,1,6,Cas9,48,3.4,Testes,Male,31.49,,,,,,,
12.06.23,1,6,Cas9,48,3.4,Testes,Male,26.03,,,,,,,
12.06.23,1,6,RPE,48,3.4,Testes,Male,29.27,,29.22666667,,,26.18152563,,
12.06.23,1,6,RPE,48,3.4,Testes,Male,29.43,,,,,,,
12.06.23,1,6,RPE,48,3.4,Testes,Male,28.98,,,,,,,
12.06.23,1,6,RPL19,48,3.4,Testes,Male,22.59,,,22.49,,,20.14675564,
12.06.23,1,6,RPL19,48,3.4,Testes,Male,22.46,,,,,,,
12.06.23,1,6,RPL19,48,3.4,Testes,Male,22.42,,,,,,,
12.06.23,1,6,Cas9,49,3.3,Testes,Male,25.76,26.01,,,23.30000508,,,0.060410413
12.06.23,1,6,Cas9,49,3.3,Testes,Male,26.06,,,,,,,
12.06.23,1,6,Cas9,49,3.3,Testes,Male,26.21,,,,,,,
12.06.23,1,6,RPE,49,3.3,Testes,Male,27.52,,27.665,,,24.7825698,,
12.06.23,1,6,RPE,49,3.3,Testes,Male,27.81,,,,,,,
12.06.23,1,6,RPE,49,3.3,Testes,Male,28.15,,,,,,,
12.06.23,1,6,RPL19,49,3.3,Testes,Male,21.32,,,21.49,,,19.25094614,
12.06.23,1,6,RPL19,49,3.3,Testes,Male,21.47,,,,,,,
12.06.23,1,6,RPL19,49,3.3,Testes,Male,21.68,,,,,,,
12.06.23,1,6,Cas9,58,3.3,Ovaries,Female,33.47,33.39,,,29.91107918,,,0.006421245
12.06.23,1,6,Cas9,58,3.3,Ovaries,Female,33.99,,,,,,,
12.06.23,1,6,Cas9,58,3.3,Ovaries,Female,33.31,,,,,,,
12.06.23,1,6,RPE,58,3.3,Ovaries,Female,,,NA,,,,,
12.06.23,1,6,RPE,58,3.3,Ovaries,Female,,,,,,,,
12.06.23,1,6,RPE,58,3.3,Ovaries,Female,38.61,,,,,,,
12.06.23,1,6,RPL19,58,3.3,Ovaries,Female,25.19,,,25.26,,,22.62814795,
12.06.23,1,6,RPL19,58,3.3,Ovaries,Female,25.31,,,,,,,
12.06.23,1,6,RPL19,58,3.3,Ovaries,Female,25.28,,,,,,,
12.06.23,1,6,Cas9,59,Ben,Ovaries,Female,,NA,,,,,,
12.06.23,1,6,Cas9,59,Ben,Ovaries,Female,,,,,,,,
12.06.23,1,6,Cas9,59,Ben,Ovaries,Female,39.18,,,,,,,
12.06.23,1,6,RPE,59,Ben,Ovaries,Female,24.41,,24.55,,,21.99212321,,
12.06.23,1,6,RPE,59,Ben,Ovaries,Female,24.69,,,,,,,
12.06.23,1,6,RPE,59,Ben,Ovaries,Female,24.98,,,,,,,
12.06.23,1,6,RPL19,59,Ben,Ovaries,Female,18.40,,,17.555,,,15.72593576,
12.06.23,1,6,RPL19,59,Ben,Ovaries,Female,17.35,,,,,,,
12.06.23,1,6,RPL19,59,Ben,Ovaries,Female,17.76,,,,,,,
12.06.23,2,7,Cas9,10,004.2C,Testes,Male,30.45,29.925,,,31.46575373,,,0.011942225
12.06.23,2,7,Cas9,10,004.2C,Testes,Male,29.81,,,,,,,
12.06.23,2,7,Cas9,10,004.2C,Testes,Male,30.04,,,,,,,
12.06.23,2,7,RPE,10,004.2C,Testes,Male,26.78,,27.01333333,,,28.40417357,,
12.06.23,2,7,RPE,10,004.2C,Testes,Male,27.02,,,,,,,
12.06.23,2,7,RPE,10,004.2C,Testes,Male,27.24,,,,,,,
12.06.23,2,7,RPL19,10,004.2C,Testes,Male,24.75,,,23.85,,,25.07796914,
12.06.23,2,7,RPL19,10,004.2C,Testes,Male,24.10,,,,,,,
12.06.23,2,7,RPL19,10,004.2C,Testes,Male,23.60,,,,,,,
12.06.23,2,7,Cas9,20,Ben,Soma F,Female,,NA,,,,,,
12.06.23,2,7,Cas9,20,Ben,Soma F,Female,,,,,,,,
12.06.23,2,7,Cas9,20,Ben,Soma F,Female,,,,,,,,
12.06.23,2,7,RPE,20,Ben,Soma F,Female,32.74,,NA,,,,,
12.06.23,2,7,RPE,20,Ben,Soma F,Female,34.04,,,,,,,
12.06.23,2,7,RPE,20,Ben,Soma F,Female,34.06,,,,,,,
12.06.23,2,7,RPL19,20,Ben,Soma F,Female,29.77,,,NA,,,,
12.06.23,2,7,RPL19,20,Ben,Soma F,Female,28.82,,,,,,,
12.06.23,2,7,RPL19,20,Ben,Soma F,Female,28.21,,,,,,,
12.06.23,2,7,RPE,29,004.2C,Ovaries,Female,23.44,,,,,,,
12.06.23,2,7,RPE,29,004.2C,Ovaries,Female,23.74,,,,,,,
12.06.23,2,7,RPE,29,004.2C,Ovaries,Female,23.77,,23.65,,,24.8676717,,
12.06.23,2,7,Cas9,30,Ben,Ovaries,Female,,NA,,,,,,
12.06.23,2,7,Cas9,30,Ben,Ovaries,Female,,,,,,,,
12.06.23,2,7,Cas9,30,Ben,Ovaries,Female,,,,,,,,
12.06.23,2,7,RPE,30,Ben,Ovaries,Female,24.12,,24.06666667,,,25.30579136,,
12.06.23,2,7,RPE,30,Ben,Ovaries,Female,23.88,,,,,,,
12.06.23,2,7,RPE,30,Ben,Ovaries,Female,24.20,,,,,,,
12.06.23,2,7,RPL19,30,Ben,Ovaries,Female,19.23,,,19.33,,,20.3252471,
12.06.23,2,7,RPL19,30,Ben,Ovaries,Female,19.43,,,,,,,
12.06.23,2,7,RPL19,30,Ben,Ovaries,Female,18.44,,,,,,,
12.06.23,2,7,Cas9,40,004.2A,Soma M,Male,28.74,28.625,,,30.0988204,,,0.008175043
12.06.23,2,7,Cas9,40,004.2A,Soma M,Male,28.51,,,,,,,
12.06.23,2,7,Cas9,40,004.2A,Soma M,Male,28.17,,,,,,,
12.06.23,2,7,RPE,40,004.2A,Soma M,Male,28.23,,28.46,,,29.92532501,,
12.06.23,2,7,RPE,40,004.2A,Soma M,Male,28.50,,,,,,,
12.06.23,2,7,RPE,40,004.2A,Soma M,Male,28.65,,,,,,,
12.06.23,2,7,RPL19,40,004.2A,Soma M,Male,21.98,,,22.03,,,23.16426248,
12.06.23,2,7,RPL19,40,004.2A,Soma M,Male,21.18,,,,,,,
12.06.23,2,7,RPL19,40,004.2A,Soma M,Male,22.08,,,,,,,
12.06.23,2,7,Cas9,50,3.3,Soma F,Female,23.79,23.84333333,,,25.07095922,,,0.044722966
12.06.23,2,7,Cas9,50,3.3,Soma F,Female,23.62,,,,,,,
12.06.23,2,7,Cas9,50,3.3,Soma F,Female,24.12,,,,,,,
12.06.23,2,7,RPE,50,3.3,Soma F,Female,27.44,,27.475,,,28.88961015,,
12.06.23,2,7,RPE,50,3.3,Soma F,Female,27.51,,,,,,,
12.06.23,2,7,RPE,50,3.3,Soma F,Female,28.07,,,,,,,
12.06.23,2,7,RPL19,50,3.3,Soma F,Female,19.61,,,19.58,,,20.5881189,
12.06.23,2,7,RPL19,50,3.3,Soma F,Female,20.30,,,,,,,
12.06.23,2,7,RPL19,50,3.3,Soma F,Female,19.55,,,,,,,
12.06.23,2,7,Cas9,60,3.4,Soma F,Female,25.09,25.20666667,,,26.50448674,,,0.028951308
12.06.23,2,7,Cas9,60,3.4,Soma F,Female,25.16,,,,,,,
12.06.23,2,7,Cas9,60,3.4,Soma F,Female,25.37,,,,,,,
12.06.23,2,7,RPE,60,3.4,Soma F,Female,28.63,,28.46333333,,,29.92882997,,
12.06.23,2,7,RPE,60,3.4,Soma F,Female,28.32,,,,,,,
12.06.23,2,7,RPE,60,3.4,Soma F,Female,28.44,,,,,,,
12.06.23,2,7,RPL19,60,3.4,Soma F,Female,20.47,,,20.34666667,,,21.39425906,
12.06.23,2,7,RPL19,60,3.4,Soma F,Female,20.22,,,,,,,
12.06.23,2,7,RPL19,60,3.4,Soma F,Female,20.35,,,,,,,